planet_id,ecc
24 Sex b,0.09
24 Sex c,0.29
47 UMa b,0.032
47 UMa c,0.098
47 UMa d,0.16
55 Cnc b,0.0
55 Cnc c,0.03
55 Cnc d,0.13
55 Cnc e,0.05
55 Cnc f,0.08
61 Vir b,0.12
61 Vir c,0.14
61 Vir d,0.35
7 CMa b,0.06
7 CMa c,0.08
BD+20 2457 c,0.18
BD-08 2823 b,0.15
BD-08 2823 c,0.19
BD-11 4672 b,0.05
BD-11 4672 c,0.4
DMPP-1 b,0.0
DMPP-1 c,0.0
DMPP-1 d,0.0
DMPP-1 e,0.0
GJ 1061 b,0.0
GJ 1061 c,0.0
GJ 1061 d,0.0
GJ 1148 b,0.38
GJ 1148 c,0.342
GJ 163 b,0.073
GJ 163 c,0.099
GJ 163 d,0.373
GJ 180 b,0.07
GJ 180 c,0.09
GJ 180 d,0.14
GJ 3138 b,0.19
GJ 3138 c,0.11
GJ 3138 d,0.32
GJ 317 b,0.07
GJ 317 c,0.17
GJ 3293 b,0.06
GJ 3293 c,0.11
GJ 3293 d,0.12
GJ 3293 e,0.21
GJ 3998 b,0.0
GJ 3998 c,0.049
GJ 414 A b,0.45
GJ 414 A c,0.105
GJ 433 b,0.04
GJ 433 c,0.12
GJ 433 d,0.07
GJ 581 b,0.0
GJ 581 c,0.0
GJ 581 e,0.0
GJ 676 A b,0.33
GJ 676 A c,0.0
GJ 676 A d,0.262
GJ 676 A e,0.125
GJ 687 b,0.17
GJ 687 c,0.4
GJ 876 b,0.0324
GJ 876 c,0.25591
GJ 876 d,0.207
GJ 876 e,0.055
GJ 887 b,0.0
GJ 887 c,0.0
GJ 9066 b,0.18
GJ 9066 c,0.33
HD 10180 c,0.073
HD 10180 d,0.131
HD 10180 e,0.051
HD 10180 f,0.119
HD 10180 g,0.263
HD 10180 h,0.095
HD 102329 b,0.21
HD 102329 c,0.209
HD 108874 b,0.13
HD 108874 c,0.239
HD 109271 b,0.25
HD 109271 c,0.15
HD 113538 b,0.14
HD 113538 c,0.2
HD 114783 b,0.144
HD 114783 c,0.0
HD 116029 b,0.0
HD 116029 c,0.038
HD 11964 b,0.041
HD 11964 c,0.3
HD 125612 b,0.4553
HD 125612 c,0.049
HD 125612 d,0.1172
HD 12661 b,0.38
HD 12661 c,0.031
HD 128311 b,0.303
HD 128311 c,0.159
HD 134987 b,0.23
HD 134987 c,0.12
HD 136352 b,0.079
HD 136352 c,0.037
HD 136352 d,0.075
HD 13808 b,0.071
HD 13808 c,0.156
HD 13908 b,0.02
HD 13908 c,0.12
HD 141399 b,0.04
HD 141399 c,0.048
HD 141399 d,0.074
HD 141399 e,0.26
HD 142 b,0.17
HD 142 c,0.21
HD 147018 b,0.4686
HD 147018 c,0.133
HD 147873 b,0.207
HD 147873 c,0.23
HD 154857 b,0.46
HD 154857 c,0.06
HD 155358 b,0.17
HD 155358 c,0.16
HD 156279 b,0.71
HD 156279 c,0.231
HD 158259 b,0.0
HD 158259 c,0.0
HD 158259 d,0.0
HD 158259 e,0.0
HD 158259 f,0.0
HD 159243 b,0.02
HD 159243 c,0.075
HD 160691 b,0.128
HD 160691 c,0.0985
HD 160691 d,0.172
HD 160691 e,0.0666
HD 164922 b,0.08
HD 164922 c,0.12
HD 164922 d,0.12
HD 168443 b,0.52883
HD 176986 b,0.066
HD 176986 c,0.111
HD 177830 b,0.1
HD 177830 c,0.3
HD 181433 b,0.4
HD 181433 c,0.28
HD 181433 d,0.48
HD 183263 b,0.36
HD 183263 c,0.239
HD 187123 b,0.0103
HD 187123 c,0.252
HD 190360 b,0.31
HD 190360 c,0.237
HD 202696 b,0.011
HD 202696 c,0.028
HD 204313 b,0.23
HD 204313 c,0.155
HD 20781 b,0.1
HD 20781 c,0.09
HD 20781 d,0.11
HD 20781 e,0.06
HD 20794 b,0.0
HD 20794 c,0.0
HD 20794 d,0.0
HD 20794 e,0.29
HD 215152 b,0.0
HD 215152 c,0.0
HD 215152 d,0.0
HD 215152 e,0.0
HD 215497 b,0.16
HD 215497 c,0.49
HD 216520 b,0.09
HD 216520 c,0.12
HD 217107 b,0.13
HD 217107 c,0.517
HD 219134 b,0.0
HD 219134 c,0.062
HD 219134 d,0.138
HD 219134 g,0.0
HD 219134 h,0.06
HD 27894 b,0.047
HD 27894 c,0.015
HD 27894 d,0.389
HD 30177 b,0.162
HD 30177 c,0.22
HD 31527 b,0.1
HD 31527 c,0.04
HD 31527 d,0.24
HD 33142 b,0.066
HD 33142 c,0.05
HD 33844 b,0.15
HD 33844 c,0.13
HD 34445 b,0.27
HD 34445 c,0.036
HD 34445 d,0.027
HD 34445 e,0.09
HD 34445 f,0.031
HD 34445 g,0.032
HD 37124 b,0.054
HD 37124 c,0.125
HD 37124 d,0.16
HD 40307 b,0.2
HD 40307 c,0.06
HD 40307 d,0.07
HD 40307 f,0.02
HD 4203 b,0.52
HD 4203 c,0.24
HD 45364 b,0.1684
HD 45364 c,0.0974
HD 47186 b,0.04
HD 47186 c,0.249
HD 4732 b,0.13
HD 4732 c,0.23
HD 47366 b,0.06
HD 47366 c,0.1
HD 50499 b,0.266
HD 50499 c,0.0
HD 60532 b,0.26
HD 60532 c,0.03
HD 67087 b,0.17
HD 67087 c,0.76
HD 69830 b,0.1
HD 69830 c,0.13
HD 69830 d,0.07
HD 73526 b,0.19
HD 73526 c,0.28
HD 74156 b,0.627
HD 74156 c,0.432
HD 7924 b,0.06
HD 7924 c,0.098
HD 7924 d,0.21
HD 82943 b,0.162
HD 82943 c,0.3663
HD 92788 b,0.35
HD 92788 c,0.46
HD 99706 b,0.25
HD 99706 c,0.411
HIP 14810 b,0.14399
HIP 14810 c,0.1566
HIP 14810 d,0.185
HIP 38594 b,0.17
HIP 38594 c,0.16
HIP 5158 b,0.52
HIP 54373 b,0.2
HIP 54373 c,0.2
HIP 57274 b,0.19
HIP 57274 c,0.05
HIP 57274 d,0.27
HIP 65407 b,0.14
HIP 65407 c,0.12
HIP 67851 b,0.05
HIP 67851 c,0.17
Pr0211 b,0.011
Pr0211 c,0.71
TYC 1422-614-1 b,0.06
TYC 1422-614-1 c,0.048
Teegarden's Star b,0.0
Teegarden's Star c,0.0
Wolf 1061 b,0.15
Wolf 1061 c,0.11
Wolf 1061 d,0.55
XO-2 S b,0.18
XO-2 S c,0.1528
YZ Cet b,0.0
YZ Cet c,0.04
YZ Cet d,0.129
gam Lib b,0.21
gam Lib c,0.057
tau Cet e,0.18
tau Cet f,0.16
tau Cet g,0.06
tau Cet h,0.23
ups And b,0.0215
ups And c,0.2596
ups And d,0.2987
CoRoT-24 b,0.0
CoRoT-24 c,0.0
EPIC 212737443 b,0.0
EPIC 212737443 c,0.0
EPIC 220674823 b,0.0
EPIC 220674823 c,0.0
EPIC 249893012 b,0.0
EPIC 249893012 c,0.0
EPIC 249893012 d,0.0
GJ 143 b,0.0
HD 21749 c,0.0
GJ 9827 b,0.0
GJ 9827 c,0.0
GJ 9827 d,0.0
HD 106315 b,0.0
HD 106315 c,0.0
HD 108236 b,0.0
HD 108236 c,0.0
HD 108236 d,0.0
HD 108236 e,0.0
HD 108236 f,0.0
HD 15337 b,0.0
HD 15337 c,0.0
HD 191939 b,0.0
HD 191939 c,0.0
HD 191939 d,0.0
HD 23472 b,0.0
HD 23472 c,0.0
HD 3167 b,0.0
HD 3167 c,0.0
HD 63433 b,0.0
HD 63433 c,0.0
HIP 41378 b,0.0
HIP 41378 c,0.0
HIP 41378 d,0.0
HIP 41378 e,0.0
HIP 41378 f,0.0
HR 858 b,0.0
HR 858 c,0.0
HR 858 d,0.0
K2-117 b,0.0
K2-117 c,0.0
K2-133 b,0.0
K2-133 c,0.0
K2-133 d,0.0
K2-133 e,0.0
K2-136 b,0.0
K2-136 c,0.0
K2-136 d,0.0
K2-138 b,0.0
K2-138 c,0.0
K2-138 d,0.0
K2-138 e,0.0
K2-138 f,0.0
K2-138 g,0.0
K2-141 b,0.0
K2-141 c,0.0
K2-146 b,0.0
K2-146 c,0.0
K2-148 b,0.0
K2-148 c,0.0
K2-148 d,0.0
K2-154 b,0.0
K2-154 c,0.0
K2-155 b,0.0
K2-155 c,0.0
K2-155 d,0.0
K2-158 b,0.0
K2-158 c,0.0
EPIC 201754305 d,0.0
K2-16 b,0.0
K2-16 c,0.0
K2-165 b,0.0
K2-165 c,0.0
K2-165 d,0.0
EPIC 201615463 c,0.0
K2-166 b,0.0
EPIC 205950854 c,0.0
K2-168 b,0.0
K2-170 b,0.0
K2-170 c,0.0
K2-172 b,0.0
K2-172 c,0.0
K2-183 b,0.0
K2-183 c,0.0
K2-183 d,0.0
K2-187 b,0.0
K2-187 c,0.0
K2-187 d,0.0
K2-187 e,0.0
K2-188 b,0.0
K2-188 c,0.0
K2-189 b,0.0
K2-189 c,0.0
K2-19 b,0.0
K2-19 c,0.0
K2-19 d,0.0
K2-190 b,0.0
K2-190 c,0.0
K2-195 b,0.0
K2-195 c,0.0
K2-198 b,0.0
K2-198 c,0.0
K2-198 d,0.0
K2-199 b,0.0
K2-199 c,0.0
K2-201 b,0.0
K2-201 c,0.0
K2-21 b,0.0
K2-21 c,0.0
K2-219 b,0.0
K2-219 c,0.0
K2-219 d,0.0
K2-223 b,0.0
K2-223 c,0.0
K2-224 b,0.0
K2-224 c,0.0
K2-229 b,0.0
K2-229 c,0.0
K2-233 b,0.0
K2-233 c,0.0
K2-233 d,0.0
K2-239 b,0.0
K2-239 c,0.0
K2-239 d,0.0
K2-24 b,0.0
K2-24 c,0.0
K2-240 b,0.0
K2-240 c,0.0
K2-243 b,0.0
K2-243 c,0.0
K2-247 b,0.0
K2-247 c,0.0
K2-254 b,0.0
K2-254 c,0.0
K2-264 b,0.0
K2-264 c,0.0
K2-266 b,0.0
K2-266 c,0.0
K2-266 d,0.0
K2-266 e,0.0
K2-268 b,0.0
K2-268 c,0.0
K2-270 b,0.0
K2-270 c,0.0
K2-275 b,0.0
K2-275 c,0.0
EPIC 220554210 c,0.0
K2-282 b,0.0
K2-285 b,0.0
K2-285 c,0.0
K2-285 d,0.0
K2-285 e,0.0
K2-290 b,0.0
K2-3 b,0.0
K2-3 c,0.0
K2-3 d,0.0
K2-316 b,0.0
K2-316 c,0.0
K2-32 b,0.0
K2-32 c,0.0
K2-32 d,0.0
K2-32 e,0.0
K2-35 b,0.0
K2-35 c,0.0
K2-36 b,0.0
K2-36 c,0.0
K2-37 b,0.0
K2-37 c,0.0
K2-37 d,0.0
K2-38 b,0.0
K2-38 c,0.0
K2-43 b,0.0
K2-43 c,0.0
K2-5 b,0.0
K2-5 c,0.0
EPIC 201833600 c,0.0
K2-50 b,0.0
K2-58 b,0.0
K2-58 c,0.0
K2-58 d,0.0
K2-59 b,0.0
K2-59 c,0.0
K2-62 b,0.0
K2-62 c,0.0
K2-63 b,0.0
K2-63 c,0.0
K2-72 b,0.0
K2-72 c,0.0
K2-72 d,0.0
K2-72 e,0.0
K2-75 b,0.0
K2-75 c,0.0
K2-8 b,0.0
K2-8 c,0.0
K2-80 b,0.0
K2-80 c,0.0
K2-80 d,0.0
K2-83 b,0.0
K2-83 c,0.0
K2-84 b,0.0
K2-84 c,0.0
K2-90 b,0.0
K2-90 c,0.0
KIC 5437945 b,0.0
Kepler-460 c,0.0
KIC 9663113 b,0.0
Kepler-458 c,0.0
KOI-1783.01,0.0
KOI-1783.02,0.0
KOI-351 b,0.0
KOI-351 c,0.0
KOI-351 d,0.0
KOI-351 e,0.0
KOI-351 f,0.0
KOI-351 g,0.0
Kepler-90 i,0.0
KIC 8540376 b,0.0
KIC 8540376 c,0.0
KOI-94 b,0.0
KOI-94 c,0.0
KOI-94 e,0.0
Kepler-10 b,0.0
Kepler-10 c,0.0
Kepler-100 b,0.0
Kepler-100 c,0.0
Kepler-100 d,0.0
Kepler-1001 b,0.0
Kepler-1001 c,0.0
Kepler-101 b,0.0
Kepler-101 c,0.0
Kepler-1016 b,0.0
Kepler-1016 c,0.0
Kepler-102 b,0.0
Kepler-102 c,0.0
Kepler-102 d,0.0
Kepler-102 e,0.0
Kepler-102 f,0.0
Kepler-103 b,0.0
Kepler-103 c,0.0
Kepler-104 b,0.0
Kepler-104 c,0.0
Kepler-104 d,0.0
Kepler-1047 b,0.0
Kepler-1047 c,0.0
Kepler-105 b,0.0
Kepler-105 c,0.0
Kepler-1050 b,0.0
Kepler-1050 c,0.0
Kepler-106 b,0.0
Kepler-106 c,0.0
Kepler-106 d,0.0
Kepler-106 e,0.0
Kepler-1065 b,0.0
Kepler-1065 c,0.0
Kepler-107 b,0.0
Kepler-107 c,0.0
Kepler-107 d,0.0
Kepler-107 e,0.0
Kepler-1073 b,0.0
Kepler-1073 c,0.0
Kepler-108 b,0.0
Kepler-108 c,0.0
Kepler-1085 b,0.0
Kepler-1085 c,0.0
Kepler-1086 b,0.0
Kepler-1086 c,0.0
Kepler-109 b,0.0
Kepler-109 c,0.0
Kepler-1093 b,0.0
Kepler-1093 c,0.0
Kepler-11 b,0.0
Kepler-11 c,0.0
Kepler-11 d,0.0
Kepler-11 e,0.0
Kepler-11 f,0.0
Kepler-11 g,0.0
Kepler-110 b,0.0
Kepler-110 c,0.0
Kepler-111 b,0.0
Kepler-111 c,0.0
Kepler-112 b,0.0
Kepler-112 c,0.0
Kepler-1129 b,0.0
Kepler-1129 c,0.0
Kepler-113 b,0.0
Kepler-113 c,0.0
Kepler-114 b,0.0
Kepler-114 c,0.0
Kepler-114 d,0.0
Kepler-1143 b,0.0
Kepler-1143 c,0.0
Kepler-115 b,0.0
Kepler-115 c,0.0
Kepler-1154 b,0.0
Kepler-1154 c,0.0
Kepler-116 b,0.0
Kepler-116 c,0.0
Kepler-117 b,0.0
Kepler-118 b,0.0
Kepler-118 c,0.0
Kepler-119 b,0.0
Kepler-119 c,0.0
Kepler-120 b,0.0
Kepler-120 c,0.0
Kepler-121 b,0.0
Kepler-121 c,0.0
Kepler-123 b,0.0
Kepler-123 c,0.0
Kepler-124 b,0.0
Kepler-124 c,0.0
Kepler-124 d,0.0
Kepler-1245 b,0.0
Kepler-1245 c,0.0
Kepler-125 b,0.0
Kepler-125 c,0.0
Kepler-1254 b,0.0
Kepler-1254 c,0.0
Kepler-1254 d,0.0
Kepler-126 b,0.0
Kepler-126 c,0.0
Kepler-126 d,0.0
Kepler-127 b,0.0
Kepler-127 c,0.0
Kepler-127 d,0.0
Kepler-128 b,0.0
Kepler-128 c,0.0
Kepler-129 b,0.0
Kepler-129 c,0.0
Kepler-130 b,0.0
Kepler-130 c,0.0
Kepler-130 d,0.0
Kepler-131 b,0.0
Kepler-131 c,0.0
Kepler-1311 b,0.0
Kepler-1311 c,0.0
Kepler-132 b,0.0
Kepler-132 c,0.0
Kepler-132 d,0.0
Kepler-132 e,0.0
Kepler-1321 b,0.0
Kepler-1321 c,0.0
Kepler-133 b,0.0
Kepler-133 c,0.0
Kepler-1336 b,0.0
Kepler-1336 c,0.0
Kepler-134 b,0.0
Kepler-134 c,0.0
Kepler-135 b,0.0
Kepler-135 c,0.0
Kepler-1350 b,0.0
Kepler-1350 c,0.0
Kepler-136 b,0.0
Kepler-136 c,0.0
Kepler-1365 b,0.0
Kepler-1365 c,0.0
Kepler-137 b,0.0
Kepler-137 c,0.0
Kepler-1370 b,0.0
Kepler-1370 c,0.0
Kepler-1371 b,0.0
Kepler-1371 c,0.0
Kepler-138 b,0.0
Kepler-138 c,0.0
Kepler-138 d,0.0
Kepler-1388 b,0.0
Kepler-1388 c,0.0
Kepler-1388 d,0.0
Kepler-1388 e,0.0
Kepler-139 b,0.0
Kepler-139 c,0.0
Kepler-1398 b,0.0
Kepler-1398 c,0.0
Kepler-140 b,0.0
Kepler-140 c,0.0
Kepler-141 b,0.0
Kepler-141 c,0.0
Kepler-142 b,0.0
Kepler-142 c,0.0
Kepler-142 d,0.0
Kepler-143 b,0.0
Kepler-143 c,0.0
Kepler-144 b,0.0
Kepler-144 c,0.0
Kepler-145 b,0.0
Kepler-145 c,0.0
Kepler-146 b,0.0
Kepler-146 c,0.0
Kepler-1464 b,0.0
Kepler-1464 c,0.0
Kepler-1468 b,0.0
Kepler-1468 c,0.0
Kepler-147 b,0.0
Kepler-147 c,0.0
Kepler-148 b,0.0
Kepler-148 c,0.0
Kepler-148 d,0.0
Kepler-149 b,0.0
Kepler-149 c,0.0
Kepler-149 d,0.0
Kepler-150 b,0.0
Kepler-150 c,0.0
Kepler-150 d,0.0
Kepler-150 e,0.0
Kepler-150 f,0.0
Kepler-151 b,0.0
Kepler-151 c,0.0
Kepler-1514 c,0.0
Kepler-152 b,0.0
Kepler-152 c,0.0
Kepler-153 b,0.0
Kepler-153 c,0.0
Kepler-1530 b,0.0
Kepler-1530 c,0.0
Kepler-154 b,0.0
Kepler-154 c,0.0
Kepler-154 d,0.0
Kepler-154 e,0.0
Kepler-154 f,0.0
Kepler-1542 b,0.0
Kepler-1542 c,0.0
Kepler-1542 d,0.0
Kepler-1542 e,0.0
Kepler-155 b,0.0
Kepler-155 c,0.0
Kepler-156 b,0.0
Kepler-156 c,0.0
Kepler-157 b,0.0
Kepler-157 c,0.0
Kepler-157 d,0.0
Kepler-158 b,0.0
Kepler-158 c,0.0
Kepler-159 b,0.0
Kepler-159 c,0.0
Kepler-161 b,0.0
Kepler-161 c,0.0
Kepler-162 b,0.0
Kepler-162 c,0.0
Kepler-163 b,0.0
Kepler-163 c,0.0
Kepler-164 b,0.0
Kepler-164 c,0.0
Kepler-164 d,0.0
Kepler-1641 b,0.0
Kepler-1641 c,0.0
Kepler-1642 b,0.0
Kepler-1642 c,0.0
Kepler-1649 b,0.0
Kepler-1649 c,0.0
Kepler-165 b,0.0
Kepler-165 c,0.0
Kepler-166 b,0.0
Kepler-166 c,0.0
Kepler-166 d,0.0
Kepler-167 b,0.0
Kepler-167 c,0.0
Kepler-167 d,0.0
Kepler-167 e,0.0
Kepler-168 b,0.0
Kepler-168 c,0.0
Kepler-169 b,0.0
Kepler-169 c,0.0
Kepler-169 d,0.0
Kepler-169 e,0.0
Kepler-169 f,0.0
Kepler-170 b,0.0
Kepler-170 c,0.0
Kepler-171 b,0.0
Kepler-171 c,0.0
Kepler-171 d,0.0
Kepler-172 b,0.0
Kepler-172 c,0.0
Kepler-172 d,0.0
Kepler-172 e,0.0
Kepler-173 b,0.0
Kepler-173 c,0.0
Kepler-174 b,0.0
Kepler-174 c,0.0
Kepler-174 d,0.0
Kepler-175 b,0.0
Kepler-175 c,0.0
Kepler-176 b,0.0
Kepler-176 c,0.0
Kepler-176 d,0.0
Kepler-176 e,0.0
Kepler-177 b,0.0
Kepler-177 c,0.0
Kepler-178 b,0.0
Kepler-178 c,0.0
Kepler-178 d,0.0
Kepler-179 b,0.0
Kepler-179 c,0.0
Kepler-18 b,0.0
Kepler-18 c,0.0
Kepler-18 d,0.0
Kepler-180 b,0.0
Kepler-180 c,0.0
Kepler-181 b,0.0
Kepler-181 c,0.0
Kepler-182 b,0.0
Kepler-182 c,0.0
Kepler-183 b,0.0
Kepler-183 c,0.0
Kepler-184 b,0.0
Kepler-184 c,0.0
Kepler-184 d,0.0
Kepler-185 b,0.0
Kepler-185 c,0.0
Kepler-186 b,0.0
Kepler-186 c,0.0
Kepler-186 d,0.0
Kepler-186 e,0.0
Kepler-187 b,0.0
Kepler-187 c,0.0
Kepler-188 b,0.0
Kepler-188 c,0.0
Kepler-189 b,0.0
Kepler-189 c,0.0
Kepler-190 b,0.0
Kepler-190 c,0.0
Kepler-191 b,0.0
Kepler-191 c,0.0
Kepler-191 d,0.0
Kepler-192 b,0.0
Kepler-192 c,0.0
Kepler-192 d,0.0
Kepler-193 b,0.0
Kepler-193 c,0.0
Kepler-194 b,0.0
Kepler-194 c,0.0
Kepler-194 d,0.0
Kepler-195 b,0.0
Kepler-195 c,0.0
Kepler-196 b,0.0
Kepler-196 c,0.0
Kepler-197 b,0.0
Kepler-197 c,0.0
Kepler-197 d,0.0
Kepler-197 e,0.0
Kepler-198 b,0.0
Kepler-198 c,0.0
Kepler-198 d,0.0
Kepler-199 b,0.0
Kepler-199 c,0.0
Kepler-200 b,0.0
Kepler-200 c,0.0
Kepler-201 b,0.0
Kepler-201 c,0.0
Kepler-202 b,0.0
Kepler-202 c,0.0
Kepler-203 b,0.0
Kepler-203 c,0.0
Kepler-203 d,0.0
Kepler-204 b,0.0
Kepler-204 c,0.0
Kepler-205 b,0.0
Kepler-205 c,0.0
Kepler-206 b,0.0
Kepler-206 c,0.0
Kepler-206 d,0.0
Kepler-207 b,0.0
Kepler-207 c,0.0
Kepler-207 d,0.0
Kepler-208 b,0.0
Kepler-208 c,0.0
Kepler-208 d,0.0
Kepler-208 e,0.0
Kepler-209 b,0.0
Kepler-209 c,0.0
Kepler-210 b,0.0
Kepler-210 c,0.0
Kepler-211 b,0.0
Kepler-211 c,0.0
Kepler-212 b,0.0
Kepler-212 c,0.0
Kepler-213 b,0.0
Kepler-213 c,0.0
Kepler-214 b,0.0
Kepler-214 c,0.0
Kepler-215 b,0.0
Kepler-215 c,0.0
Kepler-215 d,0.0
Kepler-215 e,0.0
Kepler-216 b,0.0
Kepler-216 c,0.0
Kepler-217 b,0.0
Kepler-217 c,0.0
Kepler-217 d,0.0
Kepler-218 b,0.0
Kepler-218 c,0.0
Kepler-218 d,0.0
Kepler-219 b,0.0
Kepler-219 c,0.0
Kepler-219 d,0.0
Kepler-220 b,0.0
Kepler-220 c,0.0
Kepler-220 d,0.0
Kepler-220 e,0.0
Kepler-221 b,0.0
Kepler-221 c,0.0
Kepler-221 d,0.0
Kepler-221 e,0.0
Kepler-222 b,0.0
Kepler-222 c,0.0
Kepler-222 d,0.0
Kepler-223 b,0.0
Kepler-223 c,0.0
Kepler-223 d,0.0
Kepler-223 e,0.0
Kepler-224 b,0.0
Kepler-224 c,0.0
Kepler-224 d,0.0
Kepler-224 e,0.0
Kepler-225 b,0.0
Kepler-225 c,0.0
Kepler-226 b,0.0
Kepler-226 c,0.0
Kepler-226 d,0.0
Kepler-227 b,0.0
Kepler-227 c,0.0
Kepler-228 b,0.0
Kepler-228 c,0.0
Kepler-228 d,0.0
Kepler-229 b,0.0
Kepler-229 c,0.0
Kepler-229 d,0.0
Kepler-23 b,0.0
Kepler-23 c,0.0
Kepler-23 d,0.0
Kepler-230 b,0.0
Kepler-230 c,0.0
Kepler-231 b,0.0
Kepler-231 c,0.0
Kepler-232 b,0.0
Kepler-232 c,0.0
Kepler-233 b,0.0
Kepler-233 c,0.0
Kepler-234 b,0.0
Kepler-234 c,0.0
Kepler-235 b,0.0
Kepler-235 c,0.0
Kepler-235 d,0.0
Kepler-235 e,0.0
Kepler-236 b,0.0
Kepler-236 c,0.0
Kepler-237 b,0.0
Kepler-237 c,0.0
Kepler-238 b,0.0
Kepler-238 c,0.0
Kepler-238 d,0.0
Kepler-238 e,0.0
Kepler-238 f,0.0
Kepler-239 b,0.0
Kepler-239 c,0.0
Kepler-24 b,0.0
Kepler-24 c,0.0
Kepler-24 d,0.0
Kepler-24 e,0.0
Kepler-240 b,0.0
Kepler-240 c,0.0
Kepler-241 b,0.0
Kepler-241 c,0.0
Kepler-242 b,0.0
Kepler-242 c,0.0
Kepler-243 b,0.0
Kepler-243 c,0.0
Kepler-244 b,0.0
Kepler-244 c,0.0
Kepler-244 d,0.0
Kepler-245 b,0.0
Kepler-245 c,0.0
Kepler-245 d,0.0
Kepler-245 e,0.0
Kepler-246 b,0.0
Kepler-246 c,0.0
Kepler-247 b,0.0
Kepler-247 c,0.0
Kepler-247 d,0.0
Kepler-248 b,0.0
Kepler-248 c,0.0
Kepler-249 b,0.0
Kepler-249 c,0.0
Kepler-249 d,0.0
Kepler-250 b,0.0
Kepler-250 c,0.0
Kepler-250 d,0.0
Kepler-251 b,0.0
Kepler-251 c,0.0
Kepler-251 d,0.0
Kepler-251 e,0.0
Kepler-252 b,0.0
Kepler-252 c,0.0
Kepler-253 b,0.0
Kepler-253 c,0.0
Kepler-253 d,0.0
Kepler-254 b,0.0
Kepler-254 c,0.0
Kepler-254 d,0.0
Kepler-255 b,0.0
Kepler-255 c,0.0
Kepler-255 d,0.0
Kepler-256 b,0.0
Kepler-256 c,0.0
Kepler-256 d,0.0
Kepler-256 e,0.0
Kepler-257 b,0.0
Kepler-257 c,0.0
Kepler-257 d,0.0
Kepler-258 b,0.0
Kepler-258 c,0.0
Kepler-259 b,0.0
Kepler-259 c,0.0
Kepler-26 b,0.0
Kepler-26 c,0.0
Kepler-26 d,0.0
Kepler-26 e,0.0
Kepler-260 b,0.0
Kepler-260 c,0.0
Kepler-261 b,0.0
Kepler-261 c,0.0
Kepler-262 b,0.0
Kepler-262 c,0.0
Kepler-263 b,0.0
Kepler-263 c,0.0
Kepler-264 b,0.0
Kepler-264 c,0.0
Kepler-265 b,0.0
Kepler-265 c,0.0
Kepler-265 d,0.0
Kepler-265 e,0.0
Kepler-266 b,0.0
Kepler-266 c,0.0
Kepler-267 b,0.0
Kepler-267 c,0.0
Kepler-267 d,0.0
Kepler-268 b,0.0
Kepler-268 c,0.0
Kepler-269 b,0.0
Kepler-269 c,0.0
Kepler-27 b,0.0
Kepler-27 c,0.0
Kepler-270 b,0.0
Kepler-270 c,0.0
Kepler-271 b,0.0
Kepler-271 c,0.0
Kepler-271 d,0.0
Kepler-272 b,0.0
Kepler-272 c,0.0
Kepler-272 d,0.0
Kepler-273 b,0.0
Kepler-273 c,0.0
Kepler-274 b,0.0
Kepler-274 c,0.0
Kepler-275 b,0.0
Kepler-275 c,0.0
Kepler-275 d,0.0
Kepler-276 b,0.0
Kepler-276 c,0.0
Kepler-276 d,0.0
Kepler-277 b,0.0
Kepler-277 c,0.0
Kepler-278 b,0.0
Kepler-278 c,0.0
Kepler-279 b,0.0
Kepler-279 c,0.0
Kepler-279 d,0.0
Kepler-280 b,0.0
Kepler-280 c,0.0
Kepler-281 b,0.0
Kepler-281 c,0.0
Kepler-282 b,0.0
Kepler-282 c,0.0
Kepler-282 d,0.0
Kepler-282 e,0.0
Kepler-283 b,0.0
Kepler-283 c,0.0
Kepler-284 b,0.0
Kepler-284 c,0.0
Kepler-285 b,0.0
Kepler-285 c,0.0
Kepler-286 b,0.0
Kepler-286 c,0.0
Kepler-286 d,0.0
Kepler-286 e,0.0
Kepler-287 b,0.0
Kepler-287 c,0.0
Kepler-288 b,0.0
Kepler-288 c,0.0
Kepler-288 d,0.0
Kepler-289 b,0.0
Kepler-289 d,0.0
Kepler-29 b,0.0
Kepler-29 c,0.0
Kepler-290 b,0.0
Kepler-290 c,0.0
Kepler-291 b,0.0
Kepler-291 c,0.0
Kepler-292 b,0.0
Kepler-292 c,0.0
Kepler-292 d,0.0
Kepler-292 e,0.0
Kepler-292 f,0.0
Kepler-293 b,0.0
Kepler-293 c,0.0
Kepler-294 b,0.0
Kepler-294 c,0.0
Kepler-295 b,0.0
Kepler-295 c,0.0
Kepler-295 d,0.0
Kepler-296 b,0.0
Kepler-296 c,0.0
Kepler-296 d,0.0
Kepler-296 e,0.0
Kepler-296 f,0.0
Kepler-297 b,0.0
Kepler-297 c,0.0
Kepler-298 b,0.0
Kepler-298 c,0.0
Kepler-298 d,0.0
Kepler-299 b,0.0
Kepler-299 c,0.0
Kepler-299 d,0.0
Kepler-299 e,0.0
Kepler-30 b,0.0
Kepler-30 d,0.0
Kepler-300 b,0.0
Kepler-300 c,0.0
Kepler-301 b,0.0
Kepler-301 c,0.0
Kepler-301 d,0.0
Kepler-302 b,0.0
Kepler-303 b,0.0
Kepler-303 c,0.0
Kepler-304 b,0.0
Kepler-304 c,0.0
Kepler-304 d,0.0
Kepler-304 e,0.0
Kepler-305 b,0.0
Kepler-305 c,0.0
Kepler-305 d,0.0
Kepler-305 e,0.0
Kepler-306 b,0.0
Kepler-306 c,0.0
Kepler-306 d,0.0
Kepler-306 e,0.0
Kepler-307 b,0.0
Kepler-307 c,0.0
Kepler-308 b,0.0
Kepler-308 c,0.0
Kepler-309 b,0.0
Kepler-309 c,0.0
Kepler-31 b,0.0
Kepler-31 c,0.0
Kepler-31 d,0.0
Kepler-310 b,0.0
Kepler-310 c,0.0
Kepler-310 d,0.0
Kepler-311 b,0.0
Kepler-311 c,0.0
Kepler-312 b,0.0
Kepler-312 c,0.0
Kepler-313 b,0.0
Kepler-313 c,0.0
Kepler-314 b,0.0
Kepler-314 c,0.0
Kepler-315 b,0.0
Kepler-315 c,0.0
Kepler-316 b,0.0
Kepler-316 c,0.0
Kepler-317 b,0.0
Kepler-317 c,0.0
Kepler-318 b,0.0
Kepler-318 c,0.0
Kepler-319 b,0.0
Kepler-319 c,0.0
Kepler-319 d,0.0
Kepler-32 b,0.0
Kepler-32 c,0.0
Kepler-32 d,0.0
Kepler-32 e,0.0
Kepler-32 f,0.0
Kepler-320 b,0.0
Kepler-320 c,0.0
Kepler-321 b,0.0
Kepler-321 c,0.0
Kepler-322 b,0.0
Kepler-322 c,0.0
Kepler-323 b,0.0
Kepler-323 c,0.0
Kepler-324 b,0.0
Kepler-324 c,0.0
Kepler-325 b,0.0
Kepler-325 c,0.0
Kepler-325 d,0.0
Kepler-326 b,0.0
Kepler-326 c,0.0
Kepler-326 d,0.0
Kepler-327 b,0.0
Kepler-327 c,0.0
Kepler-327 d,0.0
Kepler-328 b,0.0
Kepler-328 c,0.0
Kepler-329 b,0.0
Kepler-329 c,0.0
Kepler-33 b,0.0
Kepler-33 c,0.0
Kepler-33 d,0.0
Kepler-33 e,0.0
Kepler-33 f,0.0
Kepler-330 b,0.0
Kepler-330 c,0.0
Kepler-331 b,0.0
Kepler-331 c,0.0
Kepler-331 d,0.0
Kepler-332 b,0.0
Kepler-332 c,0.0
Kepler-332 d,0.0
Kepler-333 b,0.0
Kepler-333 c,0.0
Kepler-334 b,0.0
Kepler-334 c,0.0
Kepler-334 d,0.0
Kepler-335 b,0.0
Kepler-335 c,0.0
Kepler-336 b,0.0
Kepler-336 c,0.0
Kepler-336 d,0.0
Kepler-337 b,0.0
Kepler-337 c,0.0
Kepler-339 b,0.0
Kepler-339 c,0.0
Kepler-339 d,0.0
Kepler-340 b,0.0
Kepler-340 c,0.0
Kepler-341 b,0.0
Kepler-341 c,0.0
Kepler-341 d,0.0
Kepler-341 e,0.0
Kepler-342 b,0.0
Kepler-342 c,0.0
Kepler-342 d,0.0
Kepler-342 e,0.0
Kepler-343 b,0.0
Kepler-343 c,0.0
Kepler-344 b,0.0
Kepler-344 c,0.0
Kepler-345 b,0.0
Kepler-345 c,0.0
Kepler-346 b,0.0
Kepler-346 c,0.0
Kepler-347 b,0.0
Kepler-347 c,0.0
Kepler-348 b,0.0
Kepler-348 c,0.0
Kepler-349 b,0.0
Kepler-349 c,0.0
Kepler-350 b,0.0
Kepler-350 c,0.0
Kepler-350 d,0.0
Kepler-351 b,0.0
Kepler-351 c,0.0
Kepler-351 d,0.0
Kepler-352 b,0.0
Kepler-352 c,0.0
Kepler-353 b,0.0
Kepler-353 c,0.0
Kepler-354 b,0.0
Kepler-354 c,0.0
Kepler-354 d,0.0
Kepler-355 b,0.0
Kepler-355 c,0.0
Kepler-356 b,0.0
Kepler-356 c,0.0
Kepler-357 b,0.0
Kepler-357 c,0.0
Kepler-357 d,0.0
Kepler-358 b,0.0
Kepler-358 c,0.0
Kepler-359 b,0.0
Kepler-359 c,0.0
Kepler-359 d,0.0
Kepler-36 b,0.0
Kepler-36 c,0.0
Kepler-360 b,0.0
Kepler-360 c,0.0
Kepler-361 b,0.0
Kepler-361 c,0.0
Kepler-362 b,0.0
Kepler-362 c,0.0
Kepler-363 b,0.0
Kepler-363 c,0.0
Kepler-363 d,0.0
Kepler-364 b,0.0
Kepler-364 c,0.0
Kepler-365 b,0.0
Kepler-365 c,0.0
Kepler-366 b,0.0
Kepler-366 c,0.0
Kepler-367 b,0.0
Kepler-367 c,0.0
Kepler-368 b,0.0
Kepler-368 c,0.0
Kepler-369 b,0.0
Kepler-369 c,0.0
Kepler-370 b,0.0
Kepler-370 c,0.0
Kepler-371 b,0.0
Kepler-371 c,0.0
Kepler-372 b,0.0
Kepler-372 c,0.0
Kepler-372 d,0.0
Kepler-373 b,0.0
Kepler-373 c,0.0
Kepler-374 b,0.0
Kepler-374 c,0.0
Kepler-374 d,0.0
Kepler-375 b,0.0
Kepler-375 c,0.0
Kepler-376 b,0.0
Kepler-376 c,0.0
Kepler-377 b,0.0
Kepler-377 c,0.0
Kepler-378 b,0.0
Kepler-378 c,0.0
Kepler-379 b,0.0
Kepler-379 c,0.0
Kepler-380 b,0.0
Kepler-380 c,0.0
Kepler-381 b,0.0
Kepler-381 c,0.0
Kepler-382 b,0.0
Kepler-382 c,0.0
Kepler-383 b,0.0
Kepler-383 c,0.0
Kepler-384 b,0.0
Kepler-384 c,0.0
Kepler-385 b,0.0
Kepler-385 c,0.0
Kepler-385 d,0.0
Kepler-386 b,0.0
Kepler-386 c,0.0
Kepler-387 b,0.0
Kepler-387 c,0.0
Kepler-388 b,0.0
Kepler-388 c,0.0
Kepler-389 b,0.0
Kepler-389 c,0.0
Kepler-390 b,0.0
Kepler-390 c,0.0
Kepler-391 b,0.0
Kepler-391 c,0.0
Kepler-392 b,0.0
Kepler-392 c,0.0
Kepler-393 b,0.0
Kepler-393 c,0.0
Kepler-394 b,0.0
Kepler-394 c,0.0
Kepler-395 b,0.0
Kepler-395 c,0.0
Kepler-396 b,0.0
Kepler-396 c,0.0
Kepler-397 b,0.0
Kepler-397 c,0.0
Kepler-398 b,0.0
Kepler-398 c,0.0
Kepler-398 d,0.0
Kepler-399 b,0.0
Kepler-399 c,0.0
Kepler-399 d,0.0
Kepler-400 b,0.0
Kepler-400 c,0.0
Kepler-401 b,0.0
Kepler-401 c,0.0
Kepler-401 d,0.0
Kepler-402 b,0.0
Kepler-402 c,0.0
Kepler-402 d,0.0
Kepler-402 e,0.0
Kepler-403 b,0.0
Kepler-403 c,0.0
Kepler-403 d,0.0
Kepler-404 b,0.0
Kepler-404 c,0.0
Kepler-405 b,0.0
Kepler-405 c,0.0
Kepler-406 b,0.0
Kepler-406 c,0.0
Kepler-42 b,0.0
Kepler-42 c,0.0
Kepler-42 d,0.0
Kepler-436 b,0.0
Kepler-436 c,0.0
Kepler-444 b,0.0
Kepler-444 c,0.0
Kepler-444 d,0.0
Kepler-444 e,0.0
Kepler-444 f,0.0
Kepler-445 b,0.0
Kepler-445 c,0.0
Kepler-445 d,0.0
Kepler-446 b,0.0
Kepler-446 c,0.0
Kepler-446 d,0.0
Kepler-449 b,0.0
Kepler-449 c,0.0
Kepler-450 b,0.0
Kepler-450 c,0.0
Kepler-450 d,0.0
Kepler-462 b,0.0
Kepler-462 c,0.0
Kepler-466 b,0.0
Kepler-466 c,0.0
Kepler-487 c,0.0
Kepler-49 b,0.0
Kepler-49 c,0.0
Kepler-49 d,0.0
Kepler-49 e,0.0
Kepler-50 b,0.0
Kepler-50 c,0.0
Kepler-51 b,0.0
Kepler-51 c,0.0
Kepler-51 d,0.0
Kepler-52 b,0.0
Kepler-52 c,0.0
Kepler-52 d,0.0
Kepler-520 b,0.0
Kepler-520 c,0.0
Kepler-524 b,0.0
Kepler-524 c,0.0
Kepler-529 b,0.0
Kepler-529 c,0.0
Kepler-53 b,0.0
Kepler-53 c,0.0
Kepler-53 d,0.0
Kepler-54 b,0.0
Kepler-54 c,0.0
Kepler-54 d,0.0
Kepler-549 b,0.0
Kepler-549 c,0.0
Kepler-55 b,0.0
Kepler-55 c,0.0
Kepler-55 d,0.0
Kepler-55 e,0.0
Kepler-55 f,0.0
Kepler-553 b,0.0
Kepler-561 b,0.0
Kepler-561 c,0.0
Kepler-58 b,0.0
Kepler-58 c,0.0
Kepler-58 d,0.0
Kepler-595 b,0.0
Kepler-595 c,0.0
Kepler-598 b,0.0
Kepler-598 c,0.0
Kepler-60 b,0.0
Kepler-60 c,0.0
Kepler-60 d,0.0
Kepler-603 b,0.0
Kepler-603 c,0.0
Kepler-603 d,0.0
Kepler-605 b,0.0
Kepler-605 c,0.0
Kepler-610 b,0.0
Kepler-610 c,0.0
Kepler-616 b,0.0
Kepler-616 c,0.0
Kepler-619 b,0.0
Kepler-619 c,0.0
Kepler-62 b,0.0
Kepler-62 c,0.0
Kepler-62 d,0.0
Kepler-62 e,0.0
Kepler-62 f,0.0
Kepler-625 b,0.0
Kepler-625 c,0.0
Kepler-647 b,0.0
Kepler-647 c,0.0
Kepler-653 b,0.0
Kepler-653 c,0.0
Kepler-69 b,0.0
Kepler-69 c,0.0
Kepler-712 b,0.0
Kepler-712 c,0.0
Kepler-716 b,0.0
Kepler-716 c,0.0
Kepler-722 b,0.0
Kepler-722 c,0.0
Kepler-730 c,0.0
Kepler-732 b,0.0
Kepler-732 c,0.0
Kepler-750 b,0.0
Kepler-750 c,0.0
Kepler-755 b,0.0
Kepler-755 c,0.0
Kepler-758 b,0.0
Kepler-758 c,0.0
Kepler-758 d,0.0
Kepler-758 e,0.0
Kepler-760 b,0.0
Kepler-760 c,0.0
Kepler-769 b,0.0
Kepler-769 c,0.0
Kepler-770 b,0.0
Kepler-770 c,0.0
Kepler-770 d,0.0
Kepler-783 b,0.0
Kepler-783 c,0.0
Kepler-79 b,0.0
Kepler-79 c,0.0
Kepler-79 d,0.0
Kepler-79 e,0.0
Kepler-80 b,0.0
Kepler-80 c,0.0
Kepler-80 d,0.0
Kepler-80 e,0.0
Kepler-80 f,0.0
Kepler-80 g,0.0
Kepler-804 b,0.0
Kepler-804 c,0.0
Kepler-81 b,0.0
Kepler-81 c,0.0
Kepler-81 d,0.0
Kepler-825 b,0.0
Kepler-825 c,0.0
Kepler-83 b,0.0
Kepler-83 c,0.0
Kepler-83 d,0.0
Kepler-84 b,0.0
Kepler-84 c,0.0
Kepler-84 d,0.0
Kepler-84 e,0.0
Kepler-84 f,0.0
Kepler-85 b,0.0
Kepler-85 c,0.0
Kepler-85 d,0.0
Kepler-85 e,0.0
Kepler-87 c,0.0
Kepler-887 b,0.0
Kepler-887 c,0.0
Kepler-9 b,0.0
Kepler-9 c,0.0
Kepler-9 d,0.0
Kepler-903 b,0.0
Kepler-903 c,0.0
Kepler-92 b,0.0
Kepler-92 c,0.0
Kepler-92 d,0.0
Kepler-920 b,0.0
Kepler-920 c,0.0
Kepler-937 b,0.0
Kepler-937 c,0.0
Kepler-953 b,0.0
Kepler-953 c,0.0
Kepler-967 b,0.0
Kepler-967 c,0.0
Kepler-968 b,0.0
Kepler-968 c,0.0
Kepler-969 b,0.0
Kepler-969 c,0.0
Kepler-990 b,0.0
Kepler-990 c,0.0
L 98-59 b,0.0
L 98-59 c,0.0
L 98-59 d,0.0
LHS 1140 b,0.0
LHS 1140 c,0.0
LP 791-18 b,0.0
LP 791-18 c,0.0
LTT 3780 b,0.0
LTT 3780 c,0.0
TOI-1130 b,0.0
TOI-125 b,0.0
TOI-125 c,0.0
TOI-125 d,0.0
TOI-1266 b,0.0
TOI-1266 c,0.0
TOI-178 b,0.0
TOI-178 c,0.0
TOI-178 d,0.0
TOI-178 e,0.0
TOI-178 f,0.0
TOI-178 g,0.0
TOI-216.02,0.0
TOI-270 b,0.0
TOI-270 c,0.0
TOI-270 d,0.0
TOI-421 b,0.0
TOI-421 c,0.0
TOI-451 b,0.0
TOI-451 c,0.0
TOI-451 d,0.0
TOI-561 b,0.0
TOI-561 c,0.0
TOI-700 b,0.0
TOI-700 c,0.0
TOI-700 d,0.0
TOI-763 b,0.0
TOI-763 c,0.0
TOI-776 b,0.0
TOI-776 c,0.0
TOI-942 b,0.0
TOI-942 c,0.0
TRAPPIST-1 b,0.0
TRAPPIST-1 c,0.0
TRAPPIST-1 d,0.0
TRAPPIST-1 e,0.0
TRAPPIST-1 f,0.0
TRAPPIST-1 g,0.0
TRAPPIST-1 h,0.0
V1298 Tau b,0.0
V1298 Tau c,0.0
V1298 Tau d,0.0
V1298 Tau e,0.0
CoRoT-20 b,0.0
CoRoT-7 b,0.0
CoRoT-7 c,0.0
GJ 1132 b,0.0
GJ 1132 c,0.0
GJ 3473 b,0.0
GJ 3473 c,0.0
GJ 357 b,0.0
GJ 357 c,0.0
GJ 357 d,0.0
HAT-P-11 b,0.0
HD 110113 b,0.0
HD 110113 c,0.0
HD 213885 b,0.0
HD 213885 c,0.0
pi Men c,0.0
HD 5278 b,0.0
HD 5278 c,0.0
HD 86226 c,0.0
K2-111 b,0.0
K2-111 c,0.0
KOI-142 b,0.0
Kepler-122 b,0.0
Kepler-122 c,0.0
Kepler-122 d,0.0
Kepler-122 e,0.0
Kepler-122 f,0.0
Kepler-160 b,0.0
Kepler-160 c,0.0
Kepler-19 b,0.0
Kepler-19 c,0.0
Kepler-19 d,0.0
Kepler-20 b,0.0
Kepler-20 c,0.0
Kepler-20 d,0.0
Kepler-20 e,0.0
Kepler-20 f,0.0
Kepler-20 g,0.0
Kepler-25 b,0.0
Kepler-25 c,0.0
Kepler-25 d,0.0
Kepler-338 b,0.0
Kepler-338 c,0.0
Kepler-338 d,0.0
Kepler-338 e,0.0
Kepler-37 b,0.0
Kepler-37 c,0.0
Kepler-37 d,0.0
Kepler-37 e,0.0
Kepler-407 b,0.0
Kepler-407 c,0.0
Kepler-411 b,0.0
Kepler-411 c,0.0
Kepler-411 d,0.0
Kepler-411 e,0.0
Kepler-424 b,0.0
Kepler-424 c,0.0
Kepler-454 b,0.0
Kepler-454 c,0.0
Kepler-46 b,0.0
Kepler-46 d,0.0
Kepler-48 b,0.0
Kepler-48 c,0.0
Kepler-48 d,0.0
Kepler-539 b,0.0
Kepler-539 c,0.0
Kepler-56 b,0.0
Kepler-56 c,0.0
Kepler-65 b,0.0
Kepler-65 c,0.0
Kepler-65 d,0.0
Kepler-68 b,0.0
Kepler-68 c,0.0
Kepler-82 b,0.0
Kepler-82 c,0.0
Kepler-82 d,0.0
Kepler-82 e,0.0
Kepler-82 f,0.0
Kepler-94 b,0.0
Kepler-94 c,0.0
WASP-107 b,0.0
WASP-148 b,0.0
WASP-47 d,0.0
WASP-47 e,0.0
